Run,Temperature (C),Relative Start Time (s)
1,25.01,0.1692824
2,25.02,0.8144062
3,25.02,1.4672193
